UniProtId,Label,Gene_Name,hgnc_symbol,Protein_Sequence
P0DI82,reviewed,TPC2B_HUMAN,TPC2B,MSGSFYFVIVGHHDNPVFEMEFLPAGKAESKDDHRHLNQFIAHAALDLVDENMWLSNNMYLKTVDKFNEWFVSAFVTAGHMRFIMLHDIRQEDGIKNFFTDVYDLYIKFSMNPFYEPNSPIRSSAFDRKVQFLGKKHLLS
P0DI81,reviewed,TPC2A_HUMAN,TPC2A,MSGSFYFVIVGHHDNPVFEMEFLPAGKAESKDDHRHLNQFIAHAALDLVDENMWLSNNMYLKTVDKFNEWFVSAFVTAGHMRFIMLHDIRQEDGIKNFFTDVYDLYIKFSMNPFYEPNSPIRSSAFDRKVQFLGKKHLLS
P0CL82,reviewed,GG12I_HUMAN,GG12I,MSWRGRSTYYWPRPRRYVQPPEMIGPMRPEQFSDEVEPATPEEGEPATQRQDPAAAQEGEDEGASAGQGPKPEAHSQEQGHPQTGCECEDGPDGQEMDPPNPEEVKTPEEGEKQSQC
P0CL80,reviewed,GG12F_HUMAN,GG12F,MSWRGRSTYYWPRPRRYVQPPEMIGPMRPEQFSDEVEPATPEEGEPATQRQDPAAAQEGEDEGASAGQGPKPEAHSQEQGHPQTGCECEDGPDGQEMDPPNPEEVKTPEEGEKQSQC
P0CL81,reviewed,GG12G_HUMAN,GG12G,MSWRGRSTYYWPRPRRYVQPPEMIGPMRPEQFSDEVEPATPEEGEPATQRQDPAAAQEGEDEGASAGQGPKPEAHSQEQGHPQTGCECEDGPDGQEMDPPNPEEVKTPEEGEKQSQC
A0A075B6S9,reviewed,KV137_HUMAN,KV137,MDMRVPAQLLGLLLLWVPGARCDIQLTQSPSSLSASVGDRVTITCRVSQGISSYLNWYRQKPGKVPKLLIYSASNLQSGVPSRFSGSGSGTDFTLTISSLQPEDVATYYGQRTYNAP
P0DUD2,reviewed,SPD17_HUMAN,SPD17,MGQILGKIMMSHQPQPQEERSPQRSTSGYPLQEVVDDEVSGPSAPGVDPSPPRRSLGWKRKRECLDESDDEPEKELAPEPEETWVAETLCGLKMKAKRRRVSLVLPEYYEAFNRLLEDPVIKRLLAWDKDLRVSDKYLLAMVIAYFSRAGLPSWQYQRIHFFLALYLANDMEEDDEAPKQNIFYFLYEETRSHIPLLSELWFQLCRYMNPRARKNCSQIALFRKYRFHFFCSMRCRAWVSLEELEEIQAYDPEHWVWARDRAHLS
P0DUD3,reviewed,SPD14_HUMAN,SPD14,MGQILGKIMMSHQPQPQEERSPQRSTSGYPLQEVVDDEVLGPSAPGVDPSPPRRSLGWKRKRECLDESDDEPEKELAPEPEETWVAETLCGLKMKAKRRRVSLVLPEYYEAFNRLLEDPVIKRLLAWDKDLRVSDKYLLAMVIAYFSRAGLPSWQYQRIHFFLALYLANDMEEDDEAPKQNIFYFLYEETRSHIPLLSELWFQLCRYMNPRARKNCSQIALFRKYRFHFFCSMRCRAWVSLEELEEIQAYDPEHWVWARDRAHLS
A0A494C0Z2,reviewed,SPD13_HUMAN,SPD13,MGQILGKIMMSHQPQPQEERSPQRSTSGYPLQEVVDDEVLGPSAPGVDPSPPRRSLGWKRKRECLDESDDEPEKELAPEPEETWVAETLCGLKMKAKRRRVSLVLPEYYEAFNRLLEDPVIKRLLAWDKDLRVSDKYLLAMVIAYFSRAGLPSWQYQRIHFFLALYLANDMEEDDEAPKQNIFYFLYEETRSHIPLLSELWFQLCRYMNPRARKNCSQIALFRKYRFHFFCSMRCRAWVSLEELEEIQAYDPEHWVWARDRAHLS
P0DUD4,reviewed,SPD15_HUMAN,SPD15,MGQILGKIMMSHQPQPQEERSPQRSTSGYPLQEVVDDEVLGPSAPGVDPSPPRRSLGWKRKRECLDESDDEPEKELAPEPEETWVAETLCGLKMKAKRRRVSLVLPEYYEAFNRLLEDPVIKRLLAWDKDLRVSDKYLLAMVIAYFSRAGLPSWQYQRIHFFLALYLANDMEEDDEAPKQNIFYFLYEETRSHIPLLSELWFQLCRYMNPRARKNCSQIALFRKYRFHFFCSMRCRAWVSLEELEEIQAYDPEHWVWARDRAHLS
P0DMM9,reviewed,ST1A3_HUMAN,ST1A3,MELIQDTSRPPLEYVKGVPLIKYFAEALGPLQSFQARPDDLLINTYPKSGTTWVSQILDMIYQGGDLEKCNRAPIYVRVPFLEVNDPGEPSGLETLKDTPPPRLIKSHLPLALLPQTLLDQKVKVVYVARNPKDVAVSYYHFHRMEKAHPEPGTWDSFLEKFMAGEVSYGSWYQHVQEWWELSRTHPVLYLFYEDMKENPKREIQKILEFVGRSLPEETMDFMVQHTSFKEMKKNPMTNYTTVPQELMDHSISPFMRKGMAGDWKTTFTVAQNERFDADYAEKMAGCSLSFRSEL
P0CW20,reviewed,LIMS4_HUMAN,LIMS4,MAFSGRARPCIIPENEEIPRAALNTVHEANGTEDERAVSKLQRRHSDVKVYKEFCDFYAKFNMANALASATCERCKGGFAPAETIVNSNGELYHEQCFVCAQCFQQFPEGLFYEERT
P0CJ88,reviewed,DU4L5_HUMAN,DU4L5,MALPTPSDSTLPAEARGRGRRRRLVWTPSQSEALRACFERNPYPGIATRERLAQAIGIPEPRVQIWFQNERSRQLRQHRRESRPWPGRRGPPEGRRKRTAVTGSQTALLLRAFEKDRFPGIAAREELARETGLPESRIQIWFQNRRARHPGQGGRAPAQAGGLCSAAPGGGHPAPSWVAFAHTGAWGTGLPAPHVPCAPGALPQGAFVSQAARAAPALQPSQAAPAEGVSQPAPARGDFAYAAPAPPDGALSHPQAPRWPPHPGKSREDRDPQRDGLPGPCAVAQPGPAQAGPQGQGVLAPPTSQGSPWWGWGRGPQVAGAAWEPQAGAAPPPQPAPPDASASARQGQMQGIPAPSQALQEPAPWSALPCGLLLDELLASPEFLQQAQPLLETEAPGELEASEEAASLEAPLSEEEYRALLEEL
P0CJ89,reviewed,DU4L6_HUMAN,DU4L6,MALPTPSDSTLPAEARGRGRRRRLVWTPSQSEALRACFERNPYPGIATRERLAQAIGIPEPRVQIWFQNERSRQLRQHRRESRPWPGRRGPPEGRRKRTAVTGSQTALLLRAFEKDRFPGIAAREELARETGLPESRIQIWFQNRRARHPGQGGRAPAQAGGLCSAAPGGGHPAPSWVAFAHTGAWGTGLPAPHVPCAPGALPQGAFVSQAARAAPALQPSQAAPAEGVSQPAPARGDFAYAAPAPPDGALSHPQAPRWPPHPGKSREDRDPQRDGLPGPCAVAQPGPAQAGPQGQGVLAPPTSQGSPWWGWGRGPQVAGAAWEPQAGAAPPPQPAPPDASASARQGQMQGIPAPSQALQEPAPWSALPCGLLLDELLASPEFLQQAQPLLETEAPGELEASEEAASLEAPLSEEEYRALLEEL
P0CJ85,reviewed,DU4L2_HUMAN,DU4L2,MALPTPSDSTLPAEARGRGRRRRLVWTPSQSEALRACFERNPYPGIATRERLAQAIGIPEPRVQIWFQNERSRQLRQHRRESRPWPGRRGPPEGRRKRTAVTGSQTALLLRAFEKDRFPGIAAREELARETGLPESRIQIWFQNRRARHPGQGGRAPAQAGGLCSAAPGGGHPAPSWVAFAHTGAWGTGLPAPHVPCAPGALPQGAFVSQAARAAPALQPSQAAPAEGVSQPAPARGDFAYAAPAPPDGALSHPQAPRWPPHPGKSREDRDPQRDGLPGPCAVAQPGPAQAGPQGQGVLAPPTSQGSPWWGWGRGPQVAGAAWEPQAGAAPPPQPAPPDASASARQGQMQGIPAPSQALQEPAPWSALPCGLLLDELLASPEFLQQAQPLLETEAPGELEASEEAASLEAPLSEEEYRALLEEL
P0CJ86,reviewed,DU4L3_HUMAN,DU4L3,MALPTPSDSTLPAEARGRGRRRRLVWTPSQSEALRACFERNPYPGIATRERLAQAIGIPEPRVQIWFQNERSRQLRQHRRESRPWPGRRGPPEGRRKRTAVTGSQTALLLRAFEKDRFPGIAAREELARETGLPESRIQIWFQNRRARHPGQGGRAPAQAGGLCSAAPGGGHPAPSWVAFAHTGAWGTGLPAPHVPCAPGALPQGAFVSQAARAAPALQPSQAAPAEGVSQPAPARGDFAYAAPAPPDGALSHPQAPRWPPHPGKSREDRDPQRDGLPGPCAVAQPGPAQAGPQGQGVLAPPTSQGSPWWGWGRGPQVAGAAWEPQAGAAPPPQPAPPDASASARQGQMQGIPAPSQALQEPAPWSALPCGLLLDELLASPEFLQQAQPLLETEAPGELEASEEAASLEAPLSEEEYRALLEEL
P0DMN0,reviewed,ST1A4_HUMAN,ST1A4,MELIQDTSRPPLEYVKGVPLIKYFAEALGPLQSFQARPDDLLINTYPKSGTTWVSQILDMIYQGGDLEKCNRAPIYVRVPFLEVNDPGEPSGLETLKDTPPPRLIKSHLPLALLPQTLLDQKVKVVYVARNPKDVAVSYYHFHRMEKAHPEPGTWDSFLEKFMAGEVSYGSWYQHVQEWWELSRTHPVLYLFYEDMKENPKREIQKILEFVGRSLPEETMDFMVQHTSFKEMKKNPMTNYTTVPQELMDHSISPFMRKGMAGDWKTTFTVAQNERFDADYAEKMAGCSLSFRSEL
P86481,reviewed,PR20B_HUMAN,PR20B,MEEPRPSKRLRSMAPNQASGGPPPEPGCCVADPEGSVEADGPAQPAQPAKPIAYVKPFRRQPPARPESPPPAERGRRRGGSRRPGRGRGRRAGPRGDAGQRQGAEGLMAPDVHIQLDHHGEPGHQGEPEITETAAFSLSETGPPPGTVQEGPGPDVAQPELGFQEPPAAPGPQAVDWQPVLTLYPCIGFRALGDSAVLQVIQTPQGTYVQGVPVFLTDIAY
P86480,reviewed,PR20D_HUMAN,PR20D,MEEPRPSKRLRSMAPNQASGGPPPEPGCCVADPEGSVEADGPAQPAQPAKPIAYVKPFRRQPPARPESPPPAERGRRRGGSRRPGRGRGRRAGPRGDAGQRQGAEGLMAPDVHIQLDHHGEPGHQGEPEITETAAFSLSETGPPPGTVQEGPGPDVAQPELGFQEPPAAPGPQAVDWQPVLTLYPCIGFRALGDSAVLQVIQTPQGTYVQGVPVFLTDIAY
P0DMP1,reviewed,HMN12_HUMAN,HMN12,MAPRGFSCLLLSTSEIDLPVKRRA
Q5DJT8,reviewed,CT452_HUMAN,CT452,MTDKTEKVAVDPETVFKRPRECDSPSYQKRQRMALLARKQGAGDSLIAGSAMSKEKKLMTGHAIPPSQLDSQIDDFTGFSKDRMMQKPGSNAPVGGNVTSSFSGDDLECRETAFSPKSQQEINADIKRQLVKELRCVGQKYEKIFEMLEGVQGPTAVRKRFFESIIKEAARCMRRDFVKHLKKKLKRMI
Q9BYR9,reviewed,KRA24_HUMAN,KRA24,MTGSCCGSTLSSLSYGGGCCQPCCCRDPCCCRPVTCQTTVCRPVTCVPRCTRPICEPCRRPVCCDPCSLQEGCCRPITCCPSSCTAVVCRPCCWATTCCQPVSVQSPCCRPPCGQPTPCSTTCRTSSC
P0DUB6,reviewed,AMY1A_HUMAN,AMY1A,MKLFWLLFTIGFCWAQYSSNTQQGRTSIVHLFEWRWVDIALECERYLAPKGFGGVQVSPPNENVAIHNPFRPWWERYQPVSYKLCTRSGNEDEFRNMVTRCNNVGVRIYVDAVINHMCGNAVSAGTSSTCGSYFNPGSRDFPAVPYSGWDFNDGKCKTGSGDIENYNDATQVRDCRLSGLLDLALGKDYVRSKIAEYMNHLIDIGVAGFRIDASKHMWPGDIKAILDKLHNLNSNWFPEGSKPFIYQEVIDLGGEPIKSSDYFGNGRVTEFKYGAKLGTVIRKWNGEKMSYLKNWGEGWGFMPSDRALVFVDNHDNQRGHGAGGASILTFWDARLYKMAVGFMLAHPYGFTRVMSSYRWPRYFENGKDVNDWVGPPNDNGVTKEVTINPDTTCGNDWVCEHRWRQIRNMVNFRNVVDGQPFTNWYDNGSNQVAFGRGNRGFIVFNNDDWTFSLTLQTGLPAGTYCDVISGDKINGNCTGIKIYVSDDGKAHFSISNSAEDPFIAIHAESKL
P0DPP9,reviewed,ETDB_HUMAN,ETDB,MDKEVPKGSPREPALNIKKSDKSFKRKKPTENVLIFLINRQLGRHRSDIDLSRWVWMLS
A0A075B759,reviewed,PAL4E_HUMAN,PAL4E,MVNSVVFFEITRDGKPLGRISIKLFADKIPKTAENFRALSTGEKGFRYKGSCFHRIIPGFMCQGGDFTRPNGTGDKSIYGEKFDDENLIRKHTGSGILSMANAGPNTNGSQFFICAAKTEWLDGKHVAFGKVKERVNIVEAMEHFGYRNSKTSKKITIADCGQF
B0FP48,reviewed,UPK3L_HUMAN,UPK3L,MDNSWRLGPAIGLSAGQSQLLVSLLLLLTRVQPGTDVAAPEHISYVPQLSNDTLAGRLTLSTFTLEQPLGQFSSHNISDLDTIWLVVALSNATQSFTAPRTNQDIPAPANFSQRGYYLTLRANRVLYQTRGQLHVLRVGNDTHCQPTKIGCNHPLPGPGPYRVKFLVMNDEGPVAETKWSSDTRLQQAQALRAVPGPQSPGTVVIIAILSILLAVLLTVLLAVLIYTCFNSCRSTSLSGPEEAGSVRRYTTHLAFSTPAEGAS
P0DP09,reviewed,KV113_HUMAN,KV113,MDMRVPAQLLGLLLLWLPGARCAIQLTQSPSSLSASVGDRVTITCRASQGISSALAWYQQKPGKAPKLLIYDASSLESGVPSRFSGSGSGTDFTLTISSLQPEDFATYYCQQFNSYP
B7ZAQ6,reviewed,GPHRA_HUMAN,GPHRA,MSFLIDSSIMITSQILFFGFGWLFFMRQLFKDYEIRQYVVQVIFSVTFAFSCTMFELIIFEILGVLNSSSRYFHWKMNLCVILLILVFMVPFYIGYFIVSNIRLLHKQRLLFSCLLWLTFMYFFWKLGDPFPILSPKHGILSIEQLISRVGVIGVTLMALLSGFGAVNCPYTYMSYFLRNVTDTDILALERRLLQTMDMIISKKKRMAMARRTMFQKGEVHNKPSGFWGMIKSVTTSASGSENLTLIQQEVDALEELSRQLFLETADLYATKERIEYSKTFKGKYFNFLGYFFSIYCVWKIFMATINIVFDRVGKTDPVTRGIEITVNYLGIQFDVKFWSQHISFILVGIIIVTSIRGLLITLTKFFYAISSSKSSNVIVLLLAQIMGMYFVSSVLLIRMSMPLEYRTIITEVLGELQFNFYHRWFDVIFLVSALSSILFLYLAHKQAPEKQMAP
P0DN26,reviewed,PAL4F_HUMAN,PAL4F,MVNSVVFFEITRDGKPLGRISIKLFADKIPKTAENFRALSTGEKGFRYKGSCFHRIIPGFMCQGGDFTRPNGTGDKSIYGEKFDDENLIRKHTGSGILSMANAGPNTNGSQFFICAAKTEWLDGKHVAFGKVKERVNIVEAMEHFGYRNSKTSKKITIADCGQF
P0CG08,reviewed,GPHRB_HUMAN,GPHRB,MSFLIDSSIMITSQILFFGFGWLFFMRQLFKDYEIRQYVVQVIFSVTFAFSCTMFELIIFEILGVLNSSSRYFHWKMNLCVILLILVFMVPFYIGYFIVSNIRLLHKQRLLFSCLLWLTFMYFFWKLGDPFPILSPKHGILSIEQLISRVGVIGVTLMALLSGFGAVNCPYTYMSYFLRNVTDTDILALERRLLQTMDMIISKKKRMAMARRTMFQKGEVHNKPSGFWGMIKSVTTSASGSENLTLIQQEVDALEELSRQLFLETADLYATKERIEYSKTFKGKYFNFLGYFFSIYCVWKIFMATINIVFDRVGKTDPVTRGIEITVNYLGIQFDVKFWSQHISFILVGIIIVTSIRGLLITLTKFFYAISSSKSSNVIVLLLAQIMGMYFVSSVLLIRMSMPLEYRTIITEVLGELQFNFYHRWFDVIFLVSALSSILFLYLAHKQAPEKQMAP
Q8IZP1,reviewed,TBC3A_HUMAN,TBC3A,MDVVEVAGSWWAQEREDIIMKYEKGHRAGLPEDKGPKPFRSYNNNVDHLGIVHETELPPLTAREAKQIRREISRKSKWVDMLGDWEKYKSSRKLIDRAYKGMPMNIRGPMWSVLLNTEEMKLKNPGRYQIMKEKGKRSSEHIQRIDRDVSGTLRKHIFFRDRYGTKQRELLHILLAYEEYNPEVGYCRDLSHIAALFLLYLPEEDAFWALVQLLASERHSLQGFHSPNGGTVQGLQDQQEHVVATSQPKTMGHQDKKDLCGQCSPLGCLIRILIDGISLGLTLRLWDVYLVEGEQALMPITRIAFKVQQKRLTKTSRCGPWARFCNRFVDTWARDEDTVLKHLRASMKKLTRKKGDLPPPAKPEQGSSASRPVPASRGGKTLCKGDRQAPPGPPARFPRPIWSASPPRAPRSSTPCPGGAVREDTYPVGTQGVPSPALAQGGPQGSWRFLQWNSMPRLPTDLDVEGPWFRHYDFRQSCWVRAISQEDQLAPCWQAEHPAERVRSAFAAPSTDSDQGTPFRARDEQQCAPTSGPCLCGLHLESSQFPPGF
P0CJ90,reviewed,DU4L7_HUMAN,DU4L7,MALPTPSDSTLPAEARGRGRRRRLVWTPSQSEALRACFERNPYPGIATRERLAQAIGIPEPRVQIWFQNERSRQLRQHRRESRPWPGRRGPPEGRRKRTAVTGSQTALLLRAFEKDRFPGIAAREELARETGLPESRIQIWFQNRRARHPGQGGRAPAQAGGLCSAAPGGGHPAPSWVAFAHTGAWGTGLPAPHVPCAPGALPQGAFVSQAARAAPALQPSQAAPAEGVSQPAPARGDFAYAAPAPPDGALSHPQAPRWPPHPGKSREDRDPQRDGLPGPCAVAQPGPAQAGPQGQGVLAPPTSQGSPWWGWGRGPQVAGAAWEPQAGAAPPPQPAPPDASASARQGQMQGIPAPSQALQEPAPWSALPCGLLLDELLASPEFLQQAQPLLETEAPGELEASEEAASLEAPLSEEEYRALLEEL
P86791,reviewed,CCZ1_HUMAN,CCZ1,MAAAAAGAGSGPWAAQEKQFPPALLSFFIYNPRFGPREGQEENKILFYHPNEVEKNEKIRNVGLCEAIVQFTRTFSPSKPAKSLHTQKNRQFFNEPEENFWMVMVVRNPIIEKQSKDGKPVIEYQEEELLDKVYSSVLRQCYSMYKLFNGTFLKAMEDGGVKLLKERLEKFFHRYLQTLHLQSCDLLDIFGGISFFPLDKMTYLKIQSFINRMEESLNIVKYTAFLYNDQLIWSGLEQDDMRILYKYLTTSLFPRHIEPELAGRDSPIRAEMPGNLQHYGRFLTGPLNLNDPDAKCRFPKIFVNTDDTYEELHLIVYKAMSAAVCFMIDASVHPTLDFCRRLDSIVGPQLTVLASDICEQFNINKRMSGSEKEPQFKFIYFNHMNLAEKSTVHMRKTPSVSLTSVHPDLMKILGDINSDFTRVDEDEEIIVKAMSDYWVVGKKSDRRELYVILNQKNANLIEVNEEVKKLCATQFNNIFFLD
P86790,reviewed,CCZ1B_HUMAN,CCZ1B,MAAAAAGAGSGPWAAQEKQFPPALLSFFIYNPRFGPREGQEENKILFYHPNEVEKNEKIRNVGLCEAIVQFTRTFSPSKPAKSLHTQKNRQFFNEPEENFWMVMVVRNPIIEKQSKDGKPVIEYQEEELLDKVYSSVLRQCYSMYKLFNGTFLKAMEDGGVKLLKERLEKFFHRYLQTLHLQSCDLLDIFGGISFFPLDKMTYLKIQSFINRMEESLNIVKYTAFLYNDQLIWSGLEQDDMRILYKYLTTSLFPRHIEPELAGRDSPIRAEMPGNLQHYGRFLTGPLNLNDPDAKCRFPKIFVNTDDTYEELHLIVYKAMSAAVCFMIDASVHPTLDFCRRLDSIVGPQLTVLASDICEQFNINKRMSGSEKEPQFKFIYFNHMNLAEKSTVHMRKTPSVSLTSVHPDLMKILGDINSDFTRVDEDEEIIVKAMSDYWVVGKKSDRRELYVILNQKNANLIEVNEEVKKLCATQFNNIFFLD
H0Y7S4,reviewed,PRA26_HUMAN,PRA26,MKMSIRTPPRLLELAGRSVLRDQALAMSTLEELPTELFPPLFMEAFSRRRCEALKLMVQAWPFRRLPLRPLIKMPCLETFQAVLNGLDALLTHGVRPRRWKLQVLDLQDVCENFWMVWSEAMARGCFLNAKRNKKPVQDCPRMRGRQPLTVFVELWLKNRTLDEHLTCLLLWVKQRKDLLHLCCKKLKILGMPFRNIRSILKMVNLDCIQEVEVNCKWVLPILTQFTPYLGHMRNLQKLVLSHMDVSRYVSPEQKKEIVTQFTTQFLKLHCLQKLYMNSVSFLEGHLDQLLSCLKTSLKVLTITNCVLLESDLKHLSQCPSISQLKTLDLSGIRLTNYSLVPLQILLEKVAATLEYLDLDDCGIIDSQVNAILPALSRCFELNTFSFCGNPISMATLENLLSHTIILKNLCLELYPAPRESYGADGTLCWSRFTQIRAELMKRVRDLRHPKRILFGTDYCPDCGNRSFYDLEADQYCC
P04432,reviewed,KVD39_HUMAN,KVD39,MDMRVPAQLLGLLLLWLRGARCDIQMTQSPSSLSASVGDRVTITCRASQSISSYLNWYQQKPGKAPKLLIYAASSLQSGVPSRFSGSGSGTDFTLTISSLQPEDFATYYCQQSYSTP
O76087,reviewed,GAGE7_HUMAN,GAGE7,MSWRGRSTYYWPRPRRYVQPPEMIGPMRPEQFSDEVEPATPEEGEPATQRQDPAAAQEGEDEGASAGQGPKPEAHSQEQGHPQTGCECEDGPDGQEMDPPNPEEVKTPEEGEKQSQC
P0CW19,reviewed,LIMS3_HUMAN,LIMS3,MAFSGRARPCIIPENEEIPRAALNTVHEANGTEDERAVSKLQRRHSDVKVYKEFCDFYAKFNMANALASATCERCKGGFAPAETIVNSNGELYHEQCFVCAQCFQQFPEGLFYEERT
P0DMB1,reviewed,P23D2_HUMAN,P23D2,MYGYRRLRSPRDSQTEPQNDNEGETSLATTQMNPPKRRQVEQGPSTGAKKPSISGAPHLNSYQSLELPQNQQDSGTEELMIVLEQGTEVRLSLEEVILILAPETVLQLTLENTVLVIVPEHVLRSEDGLQSPVQIQYIIPSVDDFSLEFHAQDGDISDMRRENVPFSPAEEGKAAPLYQQPLMIPQANHMAGISPSFLVTPLCIPRCRAAFPQCYPLPPTPSPVGRPRPADSSFSLHGMELLCTSSLRPMPPSPSPGPQVYHRVHHRPPSRARRCLFRK
P0DTE8,reviewed,AMY1C_HUMAN,AMY1C,MKLFWLLFTIGFCWAQYSSNTQQGRTSIVHLFEWRWVDIALECERYLAPKGFGGVQVSPPNENVAIHNPFRPWWERYQPVSYKLCTRSGNEDEFRNMVTRCNNVGVRIYVDAVINHMCGNAVSAGTSSTCGSYFNPGSRDFPAVPYSGWDFNDGKCKTGSGDIENYNDATQVRDCRLSGLLDLALGKDYVRSKIAEYMNHLIDIGVAGFRIDASKHMWPGDIKAILDKLHNLNSNWFPEGSKPFIYQEVIDLGGEPIKSSDYFGNGRVTEFKYGAKLGTVIRKWNGEKMSYLKNWGEGWGFMPSDRALVFVDNHDNQRGHGAGGASILTFWDARLYKMAVGFMLAHPYGFTRVMSSYRWPRYFENGKDVNDWVGPPNDNGVTKEVTINPDTTCGNDWVCEHRWRQIRNMVNFRNVVDGQPFTNWYDNGSNQVAFGRGNRGFIVFNNDDWTFSLTLQTGLPAGTYCDVISGDKINGNCTGIKIYVSDDGKAHFSISNSAEDPFIAIHAESKL
P0CG34,reviewed,TB15A_HUMAN,TB15A,MSDKPDLSEVEKFDRSKLKKTNTEEKNTLPSKETIQQEKECVQTS
P0CG35,reviewed,TB15B_HUMAN,TB15B,MSDKPDLSEVEKFDRSKLKKTNTEEKNTLPSKETIQQEKECVQTS
P0DTE7,reviewed,AMY1B_HUMAN,AMY1B,MKLFWLLFTIGFCWAQYSSNTQQGRTSIVHLFEWRWVDIALECERYLAPKGFGGVQVSPPNENVAIHNPFRPWWERYQPVSYKLCTRSGNEDEFRNMVTRCNNVGVRIYVDAVINHMCGNAVSAGTSSTCGSYFNPGSRDFPAVPYSGWDFNDGKCKTGSGDIENYNDATQVRDCRLSGLLDLALGKDYVRSKIAEYMNHLIDIGVAGFRIDASKHMWPGDIKAILDKLHNLNSNWFPEGSKPFIYQEVIDLGGEPIKSSDYFGNGRVTEFKYGAKLGTVIRKWNGEKMSYLKNWGEGWGFMPSDRALVFVDNHDNQRGHGAGGASILTFWDARLYKMAVGFMLAHPYGFTRVMSSYRWPRYFENGKDVNDWVGPPNDNGVTKEVTINPDTTCGNDWVCEHRWRQIRNMVNFRNVVDGQPFTNWYDNGSNQVAFGRGNRGFIVFNNDDWTFSLTLQTGLPAGTYCDVISGDKINGNCTGIKIYVSDDGKAHFSISNSAEDPFIAIHAESKL
P0DMR1,reviewed,HNRC4_HUMAN,HNRC4,MASNVTNKMDPHSMNSRVFIGNLNTLVVKKSDVEAIFSKYGKIAGCSVHKGFAFVQYDKEKNARAAVAGEDGRMIASQVVDINLAAEPKVNRGNAGVKRSAAEMYGSSFDLDYNLQRDYYGGMYSFPARVPPPPPIALAVVPSKRQRISGNTSRRGKSGFNSKSGKRGSSKSGKLKGDDLQAIKQELTQIKQKVDSLLENLEKIEKEHCKQGVEVKNAKSEEEQTSSSSKKDKTHVKMESEGGADDSVEEGDLLCDDDNEDQGDNQLELIKDDEKGAEEGEDDRDRANGQDDS
A0A087WW87,reviewed,KV240_HUMAN,KV240,MRLPAQLLGLLMLWVPGSSEDIVMTQTPLSLPVTPGEPASISCRSSQSLLDSDDGNTYLDWYLQKPGQSPQLLIYTLSYRASGVPDRFSGSGSGTDFTLKISRVEAEDVGVYYCMQRIEFP
P0DSN7,reviewed,KVD37_HUMAN,KVD37,MDMRVPAQLLGLLLLWVPGARCDIQLTQSPSSLSASVGDRVTITCRVSQGISSYLNWYRQKPGKVPKLLIYSASNLQSGVPSRFSGSGSGTDFTLTISSLQPEDVATYYGQRTYNAP
P0DPI3,reviewed,CENL2_HUMAN,CENL2,MGRVRNRATAQRRRRKRPGDPPAACAAIAVTGASRAQCPRVQVGVGSHAAAKRWLGRWRRKRRWRRVRKAGPRDLLPSAPTPDPPGPAPSPKDLDLGAQRERWETFRKLRGLSCEGAAKVLLDTFEYPGLVHHTGGCHCGAVRFAVWAPADLRVVDCSCRLCRKKQHRHFLVPASRFTLLQGAESIVTYRSNTHPALHSFCSRCGVQSFHAAVSDPRVYGVAPHCLDEGTVRSVVIEEVGGGDPGEEAAEEHKAIHKTSSQSAPACPREQEQ
P86478,reviewed,PR20E_HUMAN,PR20E,MEEPRPSKRLRSMAPNQASGGPPPEPGCCVADPEGSVEADGPAQPAQPAKPIAYVKPFRRQPPARPESPPPAERGRRRGGSRRPGRGRGRRAGPRGDAGQRQGAEGLMAPDVHIQLDHHGEPGHQGEPEITETAAFSLSETGPPPGTVQEGPGPDVAQPELGFQEPPAAPGPQAVDWQPVLTLYPCIGFRALGDSAVLQVIQTPQGTYVQGVPVFLTDIAY
P86479,reviewed,PR20C_HUMAN,PR20C,MEEPRPSKRLRSMAPNQASGGPPPEPGCCVADPEGSVEADGPAQPAQPAKPIAYVKPFRRQPPARPESPPPAERGRRRGGSRRPGRGRGRRAGPRGDAGQRQGAEGLMAPDVHIQLDHHGEPGHQGEPEITETAAFSLSETGPPPGTVQEGPGPDVAQPELGFQEPPAAPGPQAVDWQPVLTLYPCIGFRALGDSAVLQVIQTPQGTYVQGVPVFLTDIAY
E5RIL1,reviewed,UPKL2_HUMAN,UPKL2,MDNSWRLGPAIGLSAGQSQLLVSLLLLLTRVQPGTDVAAPEHISYVPQLSNDTLAGRLTLSTFTLEQPLGQFSSHNISDLDTIWLVVALSNATQSFTAPRTNQDIPAPANFSQRGYYLTLRANRVLYQTRGQLHVLRVGNDTHCQPTKIGCNHPLPGPGPYRVKFLVMNDEGPVAETKWSSDTRLQQAQALRAVPGPQSPGTVVIIAILSILLAVLLTVLLAVLIYTCFNSCRSTSLSGPEEAGSVRRYTTHLAFSTPAEGAS
A0A0B4J2D9,reviewed,KVD13_HUMAN,KVD13,MDMRVPAQLLGLLLLWLPGARCAIQLTQSPSSLSASVGDRVTITCRASQGISSALAWYQQKPGKAPKLLIYDASSLESGVPSRFSGSGSGTDFTLTISSLQPEDFATYYCQQFNSYP
P0DMU7,reviewed,CT456_HUMAN,CT456,MTDKTEKVAVDPETVFKRPRECDSPSYQKRQRMALLARKQGAGDSLIAGSAMSKEKKLMTGHAIPPSQLDSQIDDFTGFSKDGMMQKPGSNAPVGGNVTSSFSGDDLECRETASSPKSQREINADIKRKLVKELRCVGQKYEKIFEMLEGVQGPTAVRKRFFESIIKEAARCMRRDFVKHLKKKLKRMI
P0DMU8,reviewed,CT455_HUMAN,CT455,MTDKTEKVAVDPETVFKRPRECDSPSYQKRQRMALLARKQGAGDSLIAGSAMSKEKKLMTGHAIPPSQLDSQIDDFTGFSKDGMMQKPGSNAPVGGNVTSSFSGDDLECRETASSPKSQREINADIKRKLVKELRCVGQKYEKIFEMLEGVQGPTAVRKRFFESIIKEAARCMRRDFVKHLKKKLKRMI
P0DM63,reviewed,NPIA8_HUMAN,NPIA8,MFCCLGYEWLSGGCTTWHSAWVINTLADHRHRGTDFGGSPWLLIITVFLRSYKFAISLCTSYLCVSFLKTIFPSQNGHDGSTDVQQRARRSNRRRQEGIKIVLEDIFTLWRQVETKVRAKIRKMKVTTKVNRHDKINGKRKTAKEHLRKLSMKEREHREEERQVSEAEENGKLDMKEIHTYMEMFQRAQALRRRAEDYYRCKITPSARKPLCNRVRMAAVEHRHSSGLPYWPYLTAETLKNRMGHQPPPPTQQHSIIDNSLSLKTPSECVLYPLPPSADDNLKTPPECLLTPLPPSALPSADDNLKTPAECLLYPLPPSADDNLKTPPECLLTPLPPSAPPSADDNLKTPPECVCSLPFHPQRMIISRN
P0DTA3,reviewed,SPD11_HUMAN,SPD11,MGQILGKIMMSHQPQPQEERSPQRSTSGYPLQEVVDDEVSGPSAPGVDPSPPRRSLGWKRKRECLDESDDEPEKELAPEPEETWVAETLCGLKMKAKRRRVSLVLPEYYEAFNRLLEDPVIKRLLAWDKDLRVSDKYLLAMVIAYFSRAGLPSWQYQRIHFFLALYLANDMEEDDEAPKQNIFYFLYEETRSHIPLLSELWFQLCRYMNPRARKNCSQIALFRKYRFHFFCSMRCRAWVSLEELEEIQAYDPEHWVWARDRAHLS
P01903,reviewed,DRA_HUMAN,DRA,MAISGVPVLGFFIIAVLMSAQESWAIKEEHVIIQAEFYLNPDQSGEFMFDFDGDEIFHVDMAKKETVWRLEEFGRFASFEAQGALANIAVDKANLEIMTKRSNYTPITNVPPEVTVLTNSPVELREPNVLICFIDKFTPPVVNVTWLRNGKPVTTGVSETVFLPREDHLFRKFHYLPFLPSTEDVYDCRVEHWGLDEPLLKHWEFDAPSPLPETTENVVCALGLTVGLVGIIIGTIFIIKGLRKSNAAERRGPL
P0C7H8,reviewed,KRA23_HUMAN,KRA23,MTGSCCGSTLSSLSYGGGCCQPCCCRDPCCCRPVTCQTTVCRPVTCVPRCTRPICEPCRRPVCCDPCSLQEGCCRPITCCPSSCTAVVCRPCCWATTCCQPVSVQSPCCRPPCGQPTPCSTTCRTSSC
P0DMV8,reviewed,HS71A_HUMAN,HS71A,MAKAAAIGIDLGTTYSCVGVFQHGKVEIIANDQGNRTTPSYVAFTDTERLIGDAAKNQVALNPQNTVFDAKRLIGRKFGDPVVQSDMKHWPFQVINDGDKPKVQVSYKGETKAFYPEEISSMVLTKMKEIAEAYLGYPVTNAVITVPAYFNDSQRQATKDAGVIAGLNVLRIINEPTAAAIAYGLDRTGKGERNVLIFDLGGGTFDVSILTIDDGIFEVKATAGDTHLGGEDFDNRLVNHFVEEFKRKHKKDISQNKRAVRRLRTACERAKRTLSSSTQASLEIDSLFEGIDFYTSITRARFEELCSDLFRSTLEPVEKALRDAKLDKAQIHDLVLVGGSTRIPKVQKLLQDFFNGRDLNKSINPDEAVAYGAAVQAAILMGDKSENVQDLLLLDVAPLSLGLETAGGVMTALIKRNSTIPTKQTQIFTTYSDNQPGVLIQVYEGERAMTKDNNLLGRFELSGIPPAPRGVPQIEVTFDIDANGILNVTATDKSTGKANKITITNDKGRLSKEEIERMVQEAEKYKAEDEVQRERVSAKNALESYAFNMKSAVEDEGLKGKISEADKKKVLDKCQEVISWLDANTLAEKDEFEHKRKELEQVCNPIISGLYQGAGGPGPGGFGAQGPKGGSGSGPTIEEVD
P0DMV9,reviewed,HS71B_HUMAN,HS71B,MAKAAAIGIDLGTTYSCVGVFQHGKVEIIANDQGNRTTPSYVAFTDTERLIGDAAKNQVALNPQNTVFDAKRLIGRKFGDPVVQSDMKHWPFQVINDGDKPKVQVSYKGETKAFYPEEISSMVLTKMKEIAEAYLGYPVTNAVITVPAYFNDSQRQATKDAGVIAGLNVLRIINEPTAAAIAYGLDRTGKGERNVLIFDLGGGTFDVSILTIDDGIFEVKATAGDTHLGGEDFDNRLVNHFVEEFKRKHKKDISQNKRAVRRLRTACERAKRTLSSSTQASLEIDSLFEGIDFYTSITRARFEELCSDLFRSTLEPVEKALRDAKLDKAQIHDLVLVGGSTRIPKVQKLLQDFFNGRDLNKSINPDEAVAYGAAVQAAILMGDKSENVQDLLLLDVAPLSLGLETAGGVMTALIKRNSTIPTKQTQIFTTYSDNQPGVLIQVYEGERAMTKDNNLLGRFELSGIPPAPRGVPQIEVTFDIDANGILNVTATDKSTGKANKITITNDKGRLSKEEIERMVQEAEKYKAEDEVQRERVSAKNALESYAFNMKSAVEDEGLKGKISEADKKKVLDKCQEVISWLDANTLAEKDEFEHKRKELEQVCNPIISGLYQGAGGPGPGGFGAQGPKGGSGSGPTIEEVD
P0DMV0,reviewed,CT457_HUMAN,CT457,MTDKTEKVAVDPETVFKRPRECDSPSYQKRQRMALLARKQGAGDSLIAGSAMSKEKKLMTGHAIPPSQLDSQIDDFTGFSKDGMMQKPGSNAPVGGNVTSSFSGDDLECRETASSPKSQREINADIKRKLVKELRCVGQKYEKIFEMLEGVQGPTAVRKRFFESIIKEAARCMRRDFVKHLKKKLKRMI
P0DMV1,reviewed,CT458_HUMAN,CT458,MTDKTEKVAVDPETVFKRPRECDSPSYQKRQRMALLARKQGAGDSLIAGSAMSKEKKLMTGHAIPPSQLDSQIDDFTGFSKDRMMQKPGSNAPVGGNVTSSFSGDDLECRETAFSPKSQQEINADIKRQLVKELRCVGQKYEKIFEMLEGVQGPTAVRKRFFESIIKEAARCMRRDFVKHLKKKLKRMI
P0DMV2,reviewed,CT459_HUMAN,CT459,MTDKTEKVAVDPETVFKRPRECDSPSYQKRQRMALLARKQGAGDSLIAGSAMSKEKKLMTGHAIPPSQLDSQIDDFTGFSKDRMMQKPGSNAPVGGNVTSSFSGDDLECRETAFSPKSQQEINADIKRQLVKELRCVGQKYEKIFEMLEGVQGPTAVRKRFFESIIKEAARCMRRDFVKHLKKKLKRMI
Q3ZM63,reviewed,ETDA_HUMAN,ETDA,MDKEVPKGSPREPALNIKKSDKSFKRKKPTENVLIFLINRQLGRHRSDIDLSRWVWMLS
P01615,reviewed,KVD28_HUMAN,KVD28,MRLPAQLLGLLMLWVSGSSGDIVMTQSPLSLPVTPGEPASISCRSSQSLLHSNGYNYLDWYLQKPGQSPQLLIYLGSNRASGVPDRFSGSGSGTDFTLKISRVEAEDVGVYYCMQALQTP
P01614,reviewed,KVD40_HUMAN,KVD40,MRLPAQLLGLLMLWVPGSSEDIVMTQTPLSLPVTPGEPASISCRSSQSLLDSDDGNTYLDWYLQKPGQSPQLLIYTLSYRASGVPDRFSGSGSGTDFTLKISRVEAEDVGVYYCMQRIEFP
P0CW01,reviewed,TSPYA_HUMAN,TSPYA,MRPEGSLTYRVPERLRQGFCGVGRAAQALVCASAKEGTAFRMEAVQEGAAGVESEQAALGEEAVLLLDDIMAEVEVVAEEEGLVERREEAQRAQQAVPGPGPMTPESALEELLAVQVELEPVNAQARKAFSRQREKMERRRKPHLDRRGAVIQSVPGFWANVIANHPQMSALITDEDEDMLSYMVSLEVEEEKHPVHLCKIMLFFRSNPYFQNKVITKEYLVNITEYRASHSTPIEWYPDYEVEAYRRRHHNSSLNFFNWFSDHNFAGSNKIAEILCKDLWRNPLQYYKRMKPPEEGTETSGDSQLLS
P0CJ75,reviewed,HMN8_HUMAN,HMN8,MAPRGFSCLLLSTSEIDLPVKRRA
E9PI22,reviewed,P23D1_HUMAN,P23D1,MYGYRRLRSPRDSQTEPQNDNEGETSLATTQMNPPKRRQVEQGPSTGAKKPSISGAPHLNSYQSLELPQNQQDSGTEELMIVLEQGTEVRLSLEEVILILAPETVLQLTLENTVLVIVPEHVLRSEDGLQSPVQIQYIIPSVDDFSLEFHAQDGDISDMRRENVPFSPAEEGKAAPLYQQPLMIPQANHMAGISPSFLVTPLCIPRCRAAFPQCYPLPPTPSPVGRPRPADSSFSLHGMELLCTSSLRPMPPSPSPGPQVYHRVHHRPPSRARRCLFRK
P04001,reviewed,OPSG_HUMAN,OPSG,MAQQWSLQRLAGRHPQDSYEDSTQSSIFTYTNSNSTRGPFEGPNYHIAPRWVYHLTSVWMIFVVIASVFTNGLVLAATMKFKKLRHPLNWILVNLAVADLAETVIASTISVVNQVYGYFVLGHPMCVLEGYTVSLCGITGLWSLAIISWERWMVVCKPFGNVRFDAKLAIVGIAFSWIWAAVWTAPPIFGWSRYWPHGLKTSCGPDVFSGSSYPGVQSYMIVLMVTCCITPLSIIVLCYLQVWLAIRAVAKQQKESESTQKAEKEVTRMVVVMVLAFCFCWGPYAFFACFAAANPGYPFHPLMAALPAFFAKSATIYNPVIYVFMNRQFRNCILQLFGKKVDDGSELSSASKTEVSSVSSVSPA
P0DPH9,reviewed,CX05B_HUMAN,CX05B,MAKVTSEPQKPNEDVDEQTPSTSSTKGRKKGKTPRQRRSRSGVKGLKTTRKAKRPLRGSSSQKAGETNTPAGKPKKARGPILRGRYHRLKEKMKKEEADKEQSETSVL
P0DPH8,reviewed,TBA3D_HUMAN,TBA3D,MRECISIHVGQAGVQIGNACWELYCLEHGIQPDGQMPSDKTIGGGDDSFNTFFSETGAGKHVPRAVFVDLEPTVVDEVRTGTYRQLFHPEQLITGKEDAANNYARGHYTIGKEIVDLVLDRIRKLADLCTGLQGFLIFHSFGGGTGSGFASLLMERLSVDYGKKSKLEFAIYPAPQVSTAVVEPYNSILTTHTTLEHSDCAFMVDNEAIYDICRRNLDIERPTYTNLNRLIGQIVSSITASLRFDGALNVDLTEFQTNLVPYPRIHFPLATYAPVISAEKAYHEQLSVAEITNACFEPANQMVKCDPRHGKYMACCMLYRGDVVPKDVNAAIATIKTKRTIQFVDWCPTGFKVGINYQPPTVVPGGDLAKVQRAVCMLSNTTAIAEAWARLDHKFDLMYAKRAFVHWYVGEGMEEGEFSEAREDLAALEKDYEEVGVDSVEAEAEEGEEY
A0A075B6P5,reviewed,KV228_HUMAN,KV228,MRLPAQLLGLLMLWVSGSSGDIVMTQSPLSLPVTPGEPASISCRSSQSLLHSNGYNYLDWYLQKPGQSPQLLIYLGSNRASGVPDRFSGSGSGTDFTLKISRVEAEDVGVYYCMQALQTP
H3BUK9,reviewed,POTB2_HUMAN,POTB2,MVAEVCSMPAASAVKKPFDLRSKMGKWCHHRFPCCRGSGTSNVGTSGDHDDSFMKTLRSKMGKWCCHCFPCCRGSGKSNVGTWGDYDDSAFMEPRYHVRREDLDKLHRAAWWGKVPRKDLIVMLRDTDMNKRDKQKRTALHLASANGNSEVVQLLLDRRCQLNVLDNKKRTALIKAVQCQEDECVLMLLEHGADGNIQDEYGNTALHYAIYNEDKLMAKALLLYGADIESKNKCGLTPLLLGVHEQKQEVVKFLIKKKANLNALDRYGRTALILAVCCGSASIVNLLLEQNVDVSSQDLSGQTAREYAVSSHHHVICELLSDYKEKQMLKISSENSNPEQDLKLTSEEESQRLKVSENSQPEKMSQEPEINKDCDREVEEEIKKHGSNPVGLPENLTNGASAGNGDDGLIPQRKSRKPENQQFPDTENEEYHSDEQNDTQKQLSEEQNTGISQDEILTNKQKQIEVAEKEMNSELSLSHKKEEDLLRENSMLREEIAKLRLELDETKHQNQLRENKILEEIESVKEKLLKTIQLNEEALTKTSI
P0DPH7,reviewed,TBA3C_HUMAN,TBA3C,MRECISIHVGQAGVQIGNACWELYCLEHGIQPDGQMPSDKTIGGGDDSFNTFFSETGAGKHVPRAVFVDLEPTVVDEVRTGTYRQLFHPEQLITGKEDAANNYARGHYTIGKEIVDLVLDRIRKLADLCTGLQGFLIFHSFGGGTGSGFASLLMERLSVDYGKKSKLEFAIYPAPQVSTAVVEPYNSILTTHTTLEHSDCAFMVDNEAIYDICRRNLDIERPTYTNLNRLIGQIVSSITASLRFDGALNVDLTEFQTNLVPYPRIHFPLATYAPVISAEKAYHEQLSVAEITNACFEPANQMVKCDPRHGKYMACCMLYRGDVVPKDVNAAIATIKTKRTIQFVDWCPTGFKVGINYQPPTVVPGGDLAKVQRAVCMLSNTTAIAEAWARLDHKFDLMYAKRAFVHWYVGEGMEEGEFSEAREDLAALEKDYEEVGVDSVEAEAEEGEEY
P0DN78,reviewed,OPSG3_HUMAN,OPSG3,MAQQWSLQRLAGRHPQDSYEDSTQSSIFTYTNSNSTRGPFEGPNYHIAPRWVYHLTSVWMIFVVIASVFTNGLVLAATMKFKKLRHPLNWILVNLAVADLAETVIASTISVVNQVYGYFVLGHPMCVLEGYTVSLCGITGLWSLAIISWERWMVVCKPFGNVRFDAKLAIVGIAFSWIWAAVWTAPPIFGWSRYWPHGLKTSCGPDVFSGSSYPGVQSYMIVLMVTCCITPLSIIVLCYLQVWLAIRAVAKQQKESESTQKAEKEVTRMVVVMVLAFCFCWGPYAFFACFAAANPGYPFHPLMAALPAFFAKSATIYNPVIYVFMNRQFRNCILQLFGKKVDDGSELSSASKTEVSSVSSVSPA
P0DN77,reviewed,OPSG2_HUMAN,OPSG2,MAQQWSLQRLAGRHPQDSYEDSTQSSIFTYTNSNSTRGPFEGPNYHIAPRWVYHLTSVWMIFVVIASVFTNGLVLAATMKFKKLRHPLNWILVNLAVADLAETVIASTISVVNQVYGYFVLGHPMCVLEGYTVSLCGITGLWSLAIISWERWMVVCKPFGNVRFDAKLAIVGIAFSWIWAAVWTAPPIFGWSRYWPHGLKTSCGPDVFSGSSYPGVQSYMIVLMVTCCITPLSIIVLCYLQVWLAIRAVAKQQKESESTQKAEKEVTRMVVVMVLAFCFCWGPYAFFACFAAANPGYPFHPLMAALPAFFAKSATIYNPVIYVFMNRQFRNCILQLFGKKVDDGSELSSASKTEVSSVSSVSPA
B7ZW38,reviewed,HNRC3_HUMAN,HNRC3,MASNVTNKMDPHSMNSRVFIGNLNTLVVKKSDVEAIFSKYGKIAGCSVHKGFAFVQYDKEKNARAAVAGEDGRMIASQVVDINLAAEPKVNRGNAGVKRSAAEMYGSSFDLDYNLQRDYYGGMYSFPARVPPPPPIALAVVPSKRQRISGNTSRRGKSGFNSKSGKRGSSKSGKLKGDDLQAIKQELTQIKQKVDSLLENLEKIEKEHCKQGVEVKNAKSEEEQTSSSSKKDKTHVKMESEGGADDSVEEGDLLCDDDNEDQGDNQLELIKDDEKGAEEGEDDRDRANGQDDS
A6NGN4,reviewed,PRA25_HUMAN,PRA25,MKMSIRTPPRLLELAGRSVLRDQALAMSTLEELPTELFPPLFMEAFSRRRCEALKLMVQAWPFRRLPLRPLIKMPCLETFQAVLNGLDALLTHGVRPRRWKLQVLDLQDVCENFWMVWSEAMARGCFLNAKRNKKPVQDCPRMRGRQPLTVFVELWLKNRTLDEHLTCLLLWVKQRKDLLHLCCKKLKILGMPFRNIRSILKMVNLDCIQEVEVNCKWVLPILTQFTPYLGHMRNLQKLVLSHMDVSRYVSPEQKKEIVTQFTTQFLKLHCLQKLYMNSVSFLEGHLDQLLSCLKTSLKVLTITNCVLLESDLKHLSQCPSISQLKTLDLSGIRLTNYSLVPLQILLEKVAATLEYLDLDDCGIIDSQVNAILPALSRCFELNTFSFCGNPISMATLENLLSHTIILKNLCLELYPAPRESYGADGTLCWSRFTQIRAELMKRVRDLRHPKRILFGTDYCPDCGNRSFYDLEADQYCC
A0A0A6YYL3,reviewed,POTEB_HUMAN,POTEB,MVAEVCSMPAASAVKKPFDLRSKMGKWCHHRFPCCRGSGTSNVGTSGDHDDSFMKTLRSKMGKWCCHCFPCCRGSGKSNVGTWGDYDDSAFMEPRYHVRREDLDKLHRAAWWGKVPRKDLIVMLRDTDMNKRDKQKRTALHLASANGNSEVVQLLLDRRCQLNVLDNKKRTALIKAVQCQEDECVLMLLEHGADGNIQDEYGNTALHYAIYNEDKLMAKALLLYGADIESKNKCGLTPLLLGVHEQKQEVVKFLIKKKANLNALDRYGRTALILAVCCGSASIVNLLLEQNVDVSSQDLSGQTAREYAVSSHHHVICELLSDYKEKQMLKISSENSNPEQDLKLTSEEESQRLKVSENSQPEKMSQEPEINKDCDREVEEEIKKHGSNPVGLPENLTNGASAGNGDDGLIPQRKSRKPENQQFPDTENEEYHSDEQNDTQKQLSEEQNTGISQDEILTNKQKQIEVAEKEMNSELSLSHKKEEDLLRENSMLREEIAKLRLELDETKHQNQLRENKILEEIESVKEKLLKTIQLNEEALTKTSI
Q6IPX1,reviewed,TBC3C_HUMAN,TBC3C,MDVVEVAGSWWAQEREDIIMKYEKGHRAGLPEDKGPKPFRSYNNNVDHLGIVHETELPPLTAREAKQIRREISRKSKWVDMLGDWEKYKSSRKLIDRAYKGMPMNIRGPMWSVLLNTEEMKLKNPGRYQIMKEKGKRSSEHIQRIDRDVSGTLRKHIFFRDRYGTKQRELLHILLAYEEYNPEVGYCRDLSHIAALFLLYLPEEDAFWALVQLLASERHSLQGFHSPNGGTVQGLQDQQEHVVATSQPKTMGHQDKKDLCGQCSPLGCLIRILIDGISLGLTLRLWDVYLVEGEQALMPITRIAFKVQQKRLTKTSRCGPWARFCNRFVDTWARDEDTVLKHLRASMKKLTRKKGDLPPPAKPEQGSSASRPVPASRGGKTLCKGDRQAPPGPPARFPRPIWSASPPRAPRSSTPCPGGAVREDTYPVGTQGVPSPALAQGGPQGSWRFLQWNSMPRLPTDLDVEGPWFRHYDFRQSCWVRAISQEDQLAPCWQAEHPAERVRSAFAAPSTDSDQGTPFRARDEQQCAPTSGPCLCGLHLESSQFPPGF
P86496,reviewed,PR20A_HUMAN,PR20A,MEEPRPSKRLRSMAPNQASGGPPPEPGCCVADPEGSVEADGPAQPAQPAKPIAYVKPFRRQPPARPESPPPAERGRRRGGSRRPGRGRGRRAGPRGDAGQRQGAEGLMAPDVHIQLDHHGEPGHQGEPEITETAAFSLSETGPPPGTVQEGPGPDVAQPELGFQEPPAAPGPQAVDWQPVLTLYPCIGFRALGDSAVLQVIQTPQGTYVQGVPVFLTDIAY
B3EWG3,reviewed,FM25A_HUMAN,FM25A,MLGGLGKLAAEGLAHRTEKATEGAIHAVEEVVKEVVGHAKETGEKAIAEAIKKAQESGDKKMKEITETVTNTVTNAITHAAESLDKLGQ
B3EWG6,reviewed,FM25G_HUMAN,FM25G,MLGGLGKLAAEGLAHRTEKATEGAIHAVEEVVKEVVGHAKETGEKAIAEAIKKAQESGDKKMKEITETVTNTVTNAITHAAESLDKLGQ
B3EWG5,reviewed,FM25C_HUMAN,FM25C,MLGGLGKLAAEGLAHRTEKATEGAIHAVEEVVKEVVGHAKETGEKAIAEAIKKAQESGDKKMKEITETVTNTVTNAITHAAESLDKLGQ
A0A0G2JMH6,unreviewed,A0A0G2JMH6_HUMAN,A0A0G2JMH6,MAISGVPVLGFFIIAVLMSAQESWAIKEEHVIIQAEFYLNPDQSGEFMFDFDGDEIFHVDMAKKETVWRLEEFGRFASFEAQGALANIAVDKANLEIMTKRSNYTPITNVPPEVTVLTNSPVELREPNVLICFIDKFTPPVVNVTWLRNGKPVTTGVSETVFLPREDHLFRKFHYLPFLPSTEDVYDCRVEHWGLDEPLLKHWEFDAPSPLPETTENVVCALGLTVGLVGIIIGTIFIIKGLRKSNAAERRGPL
P0CV98,reviewed,TSPY3_HUMAN,TSPY3,MRPEGSLTYRVPERLRQGFCGVGRAAQALVCASAKEGTAFRMEAVQEGAAGVESEQAALGEEAVLLLDDIMAEVEVVAEEEGLVERREEAQRAQQAVPGPGPMTPESALEELLAVQVELEPVNAQARKAFSRQREKMERRRKPHLDRRGAVIQSVPGFWANVIANHPQMSALITDEDEDMLSYMVSLEVEEEKHPVHLCKIMLFFRSNPYFQNKVITKEYLVNITEYRASHSTPIEWYPDYEVEAYRRRHHNSSLNFFNWFSDHNFAGSNKIAEILCKDLWRNPLQYYKRMKPPEEGTETSGDSQLLS
E9PJI5,reviewed,NPIA7_HUMAN,NPIA7,MFCCLGYEWLSGGCTTWHSAWVINTLADHRHRGTDFGGSPWLLIITVFLRSYKFAISLCTSYLCVSFLKTIFPSQNGHDGSTDVQQRARRSNRRRQEGIKIVLEDIFTLWRQVETKVRAKIRKMKVTTKVNRHDKINGKRKTAKEHLRKLSMKEREHREEERQVSEAEENGKLDMKEIHTYMEMFQRAQALRRRAEDYYRCKITPSARKPLCNRVRMAAVEHRHSSGLPYWPYLTAETLKNRMGHQPPPPTQQHSIIDNSLSLKTPSECVLYPLPPSADDNLKTPPECLLTPLPPSALPSADDNLKTPAECLLYPLPPSADDNLKTPPECLLTPLPPSAPPSADDNLKTPPECVCSLPFHPQRMIISRN
P0DP73,reviewed,D130B_HUMAN,D130B,MKLHSLISVLLLFVTLIPKGKTGVIPGQKQCIALKGVCRDKLCSTLDDTIGICNEGKKCCRRWWILEPYPTPVPKGKSP
P0DP74,reviewed,D130A_HUMAN,D130A,MKLHSLISVLLLFVTLIPKGKTGVIPGQKQCIALKGVCRDKLCSTLDDTIGICNEGKKCCRRWWILEPYPTPVPKGKSP
P01597,reviewed,KV139_HUMAN,KV139,MDMRVPAQLLGLLLLWLRGARCDIQMTQSPSSLSASVGDRVTITCRASQSISSYLNWYQQKPGKAPKLLIYAASSLQSGVPSRFSGSGSGTDFTLTISSLQPEDFATYYCQQSYSTP
P01594,reviewed,KV133_HUMAN,KV133,MDMRVPAQLLGLLLLWLSGARCDIQMTQSPSSLSASVGDRVTITCQASQDISNYLNWYQQKPGKAPKLLIYDASNLETGVPSRFSGSGSGTDFTFTISSLQPEDIATYYCQQYDNLP
P01593,reviewed,KVD33_HUMAN,KVD33,MDMRVPAQLLGLLLLWLSGARCDIQMTQSPSSLSASVGDRVTITCQASQDISNYLNWYQQKPGKAPKLLIYDASNLETGVPSRFSGSGSGTDFTFTISSLQPEDIATYYCQQYDNLP
A0A1B0GTR3,reviewed,CX05A_HUMAN,CX05A,MAKVTSEPQKPNEDVDEQTPSTSSTKGRKKGKTPRQRRSRSGVKGLKTTRKAKRPLRGSSSQKAGETNTPAGKPKKARGPILRGRYHRLKEKMKKEEADKEQSETSVL
P0DMW5,reviewed,SIL2B_HUMAN,SIL2B,MAASAALSAAAAAAALSGLAVRLSRSAAARGSYGAFCKGLTRTLLTFFDLAWRLRMNFPYFYIVASVMLNVRLQVRIE
P0DMW4,reviewed,SIL2A_HUMAN,SIL2A,MAASAALSAAAAAAALSGLAVRLSRSAAARGSYGAFCKGLTRTLLTFFDLAWRLRMNFPYFYIVASVMLNVRLQVRIE
P0DP23,reviewed,CALM1_HUMAN,CALM1,MADQLTEEQIAEFKEAFSLFDKDGDGTITTKELGTVMRSLGQNPTEAELQDMINEVDADGNGTIDFPEFLTMMARKMKDTDSEEEIREAFRVFDKDGNGYISAAELRHVMTNLGEKLTDEEVDEMIREADIDGDGQVNYEEFVQMMTAK
P0DP25,reviewed,CALM3_HUMAN,CALM3,MADQLTEEQIAEFKEAFSLFDKDGDGTITTKELGTVMRSLGQNPTEAELQDMINEVDADGNGTIDFPEFLTMMARKMKDTDSEEEIREAFRVFDKDGNGYISAAELRHVMTNLGEKLTDEEVDEMIREADIDGDGQVNYEEFVQMMTAK
P0DP24,reviewed,CALM2_HUMAN,CALM2,MADQLTEEQIAEFKEAFSLFDKDGDGTITTKELGTVMRSLGQNPTEAELQDMINEVDADGNGTIDFPEFLTMMARKMKDTDSEEEIREAFRVFDKDGNGYISAAELRHVMTNLGEKLTDEEVDEMIREADIDGDGQVNYEEFVQMMTAK
A0A0U1RR11,reviewed,CENL1_HUMAN,CENL1,MGRVRNRATAQRRRRKRPGDPPAACAAIAVTGASRAQCPRVQVGVGSHAAAKRWLGRWRRKRRWRRVRKAGPRDLLPSAPTPDPPGPAPSPKDLDLGAQRERWETFRKLRGLSCEGAAKVLLDTFEYPGLVHHTGGCHCGAVRFAVWAPADLRVVDCSCRLCRKKQHRHFLVPASRFTLLQGAESIVTYRSNTHPALHSFCSRCGVQSFHAAVSDPRVYGVAPHCLDEGTVRSVVIEEVGGGDPGEEAAEEHKAIHKTSSQSAPACPREQEQ
